{"cameraMode":{"drawMode":0,"name":"Shaded","section":"Shading Mode"},"sceneLighting":false,"audioPlay":false,"sceneViewState":{"m_AlwaysRefresh":false,"showFog":true,"showSkybox":false,"showFlares":true,"showImageEffects":true,"showParticleSystems":true,"showVisualEffectGraphs":true,"m_FxEnabled":true},"in2DMode":false,"pivot":{"x":0.9081423282623291,"y":0.01746758632361889,"z":21.023706436157228},"rotation":{"x":0.019790751859545709,"y":0.02256089262664318,"z":-0.0008407047716900706,"w":0.9994077682495117},"size":12.064131736755371,"orthographic":false}