{"cameraMode":{"drawMode":0,"name":"Shaded","section":"Shading Mode"},"sceneLighting":true,"audioPlay":false,"sceneViewState":{"m_AlwaysRefresh":false,"showFog":true,"showSkybox":true,"showFlares":true,"showImageEffects":true,"showParticleSystems":true,"showVisualEffectGraphs":true,"m_FxEnabled":true},"in2DMode":false,"pivot":{"x":4.8979339599609379,"y":0.12865209579467774,"z":-35.407562255859378},"rotation":{"x":-0.06085991859436035,"y":-0.8268105983734131,"z":0.09113314002752304,"w":-0.5516079664230347},"size":13.64810848236084,"orthographic":false}